b1d60cf01ba4732f,resources/dataset1/Dating - Copy/Dating/IMG_8405.png
e2a597c6ce385598,resources/dataset1/Dating/Dating - Copy/Dating/20210718_200228081_iOS.jpg
a40b7df3f2c0c3c8,resources/dataset1/Dating - Copy/20210719_110528738_iOS.jpg
a40b7df3f2c0c3c8,resources/dataset1/Dating/Dating/20210719_110528738_iOS.jpg
acd299fc1492fa0d,resources/dataset1/Dating/Dating - Copy/Dating/20210805_190359598_iOS.jpg
91c2e9e798bc2738,resources/dataset1/Dating/Dating - Copy/Dating/IMG_8498_b.jpg
e0dc0d732ed57c82,resources/dataset1/Dating - Copy/IMG_8210_b.jpg
93eb9c146041afbb,resources/dataset1/Dating/20210718_200308717_iOS.jpg
ec5553a440ec9ecd,resources/dataset1/Dating - Copy/IMG_0856.jpg
ec5553a440ec9ecd,resources/dataset1/Dating/Dating - Copy/IMG_0856.jpg
b8dd070baafc2594,resources/dataset1/Dating/Dating - Copy/20210805_190419025_iOS.jpg
e194be2a785975a4,resources/dataset1/Dating - Copy/Dating/IMG_0155.jpg
acd299fc1492fa0d,resources/dataset1/Dating/Dating - Copy/20210805_190359598_iOS.jpg
b8dd070baafc2594,resources/dataset1/Dating/Dating - Copy/Dating/20210805_190419025_iOS.jpg
e2a597c6ce385598,resources/dataset1/Dating/Dating/20210718_200228081_iOS.jpg
b87e677f09031790,resources/dataset1/Dating - Copy/IMG_1137.jpg
b1d60cf01ba4732f,resources/dataset1/Dating/Dating - Copy/IMG_8405.png
84d59e61944e1dee,resources/dataset1/Dating/Dating/IMG_8336_b.jpg
91c2e9e798bc2738,resources/dataset1/Dating - Copy/IMG_8498_b.jpg
e2a597c6ce385598,resources/dataset1/Dating/20210718_200228081_iOS.jpg
9bc8c27b17b3909c,resources/dataset1/Dating - Copy/20210716_133307069_iOS.jpg
96b9f126891fa16a,resources/dataset1/Dating - Copy/Dating/20210719_110531873_iOS.jpg
ad86a75a29339699,resources/dataset1/Dating/Dating - Copy/20201213_141953873_iOS.heic
9bc8c27b17b3909c,resources/dataset1/Dating/Dating - Copy/Dating/20210716_133307069_iOS.jpg
9bc8c27b17b3909c,resources/dataset1/Dating/20210716_133307069_iOS.jpg
d3a784621ee131de,resources/dataset1/Dating/Dating/20210718_200211861_iOS.jpg
b87e677f09031790,resources/dataset1/Dating/Dating/IMG_1137.jpg
84d59e61944e1dee,resources/dataset1/Dating/IMG_8336_b.jpg
e0dc0d732ed57c82,resources/dataset1/Dating/Dating - Copy/IMG_8210_b.jpg
d3a784621ee131de,resources/dataset1/Dating - Copy/Dating/20210718_200211861_iOS.jpg
a40b7df3f2c0c3c8,resources/dataset1/Dating - Copy/Dating/20210719_110528738_iOS.jpg
b8dd070baafc2594,resources/dataset1/Dating - Copy/Dating/20210805_190419025_iOS.jpg
b87e677f09031790,resources/dataset1/Dating - Copy/Dating/IMG_1137.jpg
d3a784621ee131de,resources/dataset1/Dating/Dating - Copy/Dating/20210718_200211861_iOS.jpg
96b9f126891fa16a,resources/dataset1/Dating - Copy/20210719_110531873_iOS.jpg
e194be2a785975a4,resources/dataset1/Dating - Copy/IMG_0155.jpg
ad86a75a29339699,resources/dataset1/Dating - Copy/Dating/20201213_141953873_iOS.heic
e0dc0d732ed57c82,resources/dataset1/Dating - Copy/Dating/IMG_8210_b.jpg
c1405b8e7cdc05bf,resources/dataset1/Dating/Dating/IMG_0856.jpg
a40b7df3f2c0c3c8,resources/dataset1/Dating/Dating - Copy/Dating/20210719_110528738_iOS.jpg
c8b2c367cd878ccc,resources/dataset1/Dating/IMG_9037_b.JPG
96b9f126891fa16a,resources/dataset1/Dating/Dating - Copy/Dating/20210719_110531873_iOS.jpg
b8dd070baafc2594,resources/dataset1/Dating/Dating/20210805_190419025_iOS.jpg
c1405b8e7cdc05bf,resources/dataset1/Dating - Copy/Dating/IMG_0856.jpg
e2a597c6ce385598,resources/dataset1/Dating - Copy/Dating/20210718_200228081_iOS.jpg
ad86a75a29339699,resources/dataset1/Dating - Copy/20201213_141953873_iOS.heic
91c2e9e798bc2738,resources/dataset1/Dating - Copy/Dating/IMG_8498_b.jpg
e194be2a785975a4,resources/dataset1/Dating/Dating - Copy/IMG_0155.jpg
84d59e61944e1dee,resources/dataset1/Dating - Copy/Dating/IMG_8336_b.jpg
a40b7df3f2c0c3c8,resources/dataset1/Dating/Dating - Copy/20210719_110528738_iOS.jpg
acd299fc1492fa0d,resources/dataset1/Dating - Copy/Dating/20210805_190359598_iOS.jpg
b1d60cf01ba4732f,resources/dataset1/Dating/Dating/IMG_8405.png
e194be2a785975a4,resources/dataset1/Dating/IMG_0155.jpg
b1d60cf01ba4732f,resources/dataset1/Dating - Copy/IMG_8405.png
9bc8c27b17b3909c,resources/dataset1/Dating/Dating/20210716_133307069_iOS.jpg
84d59e61944e1dee,resources/dataset1/Dating/Dating - Copy/Dating/IMG_8336_b.jpg
96b9f126891fa16a,resources/dataset1/Dating/20210719_110531873_iOS.jpg
ad86a75a29339699,resources/dataset1/Dating/Dating/20201213_141953873_iOS.heic
e2a597c6ce385598,resources/dataset1/Dating - Copy/20210718_200228081_iOS.jpg
b87e677f09031790,resources/dataset1/Dating/Dating - Copy/Dating/IMG_1137.jpg
b8dd070baafc2594,resources/dataset1/Dating - Copy/20210805_190419025_iOS.jpg
ad86a75a29339699,resources/dataset1/Dating/Dating - Copy/Dating/20201213_141953873_iOS.heic
9bc8c27b17b3909c,resources/dataset1/Dating/Dating - Copy/20210716_133307069_iOS.jpg
ec5553a440ec9ecd,resources/dataset1/Dating/IMG_0856.jpg
d3a784621ee131de,resources/dataset1/Dating/Dating - Copy/20210718_200211861_iOS.jpg
93eb9c146041afbb,resources/dataset1/Dating/Dating/20210718_200308717_iOS.jpg
a40b7df3f2c0c3c8,resources/dataset1/Dating/20210719_110528738_iOS.jpg
91c2e9e798bc2738,resources/dataset1/Dating/Dating/IMG_8498_b.jpg
b1d60cf01ba4732f,resources/dataset1/Dating/IMG_8405.png
93eb9c146041afbb,resources/dataset1/Dating/Dating - Copy/Dating/20210718_200308717_iOS.jpg
96b9f126891fa16a,resources/dataset1/Dating/Dating - Copy/20210719_110531873_iOS.jpg
e0dc0d732ed57c82,resources/dataset1/Dating/Dating/IMG_8210_b.jpg
b8dd070baafc2594,resources/dataset1/Dating/20210805_190419025_iOS.jpg
e0dc0d732ed57c82,resources/dataset1/Dating/Dating - Copy/Dating/IMG_8210_b.jpg
c1405b8e7cdc05bf,resources/dataset1/Dating/Dating - Copy/Dating/IMG_0856.jpg
e2a597c6ce385598,resources/dataset1/Dating/Dating - Copy/20210718_200228081_iOS.jpg
acd299fc1492fa0d,resources/dataset1/Dating/Dating/20210805_190359598_iOS.jpg
c8b2c367cd878ccc,resources/dataset1/Dating/Dating - Copy/IMG_9037_b.JPG
e194be2a785975a4,resources/dataset1/Dating/Dating/IMG_0155.jpg
84d59e61944e1dee,resources/dataset1/Dating - Copy/IMG_8336_b.jpg
93eb9c146041afbb,resources/dataset1/Dating - Copy/20210718_200308717_iOS.jpg
b1d60cf01ba4732f,resources/dataset1/Dating/Dating - Copy/Dating/IMG_8405.png
acd299fc1492fa0d,resources/dataset1/Dating - Copy/20210805_190359598_iOS.jpg
96b9f126891fa16a,resources/dataset1/Dating/Dating/20210719_110531873_iOS.jpg
b87e677f09031790,resources/dataset1/Dating/IMG_1137.jpg
9bc8c27b17b3909c,resources/dataset1/Dating - Copy/Dating/20210716_133307069_iOS.jpg
ad86a75a29339699,resources/dataset1/Dating/20201213_141953873_iOS.heic
91c2e9e798bc2738,resources/dataset1/Dating/IMG_8498_b.jpg
e194be2a785975a4,resources/dataset1/Dating/Dating - Copy/Dating/IMG_0155.jpg
b87e677f09031790,resources/dataset1/Dating/Dating - Copy/IMG_1137.jpg
93eb9c146041afbb,resources/dataset1/Dating/Dating - Copy/20210718_200308717_iOS.jpg
c8b2c367cd878ccc,resources/dataset1/Dating - Copy/IMG_9037_b.JPG
e0dc0d732ed57c82,resources/dataset1/Dating/IMG_8210_b.jpg
93eb9c146041afbb,resources/dataset1/Dating - Copy/Dating/20210718_200308717_iOS.jpg
acd299fc1492fa0d,resources/dataset1/Dating/20210805_190359598_iOS.jpg
d3a784621ee131de,resources/dataset1/Dating - Copy/20210718_200211861_iOS.jpg
d3a784621ee131de,resources/dataset1/Dating/20210718_200211861_iOS.jpg
91c2e9e798bc2738,resources/dataset1/Dating/Dating - Copy/IMG_8498_b.jpg
84d59e61944e1dee,resources/dataset1/Dating/Dating - Copy/IMG_8336_b.jpg
